{"module__n_filters": [[16, 24, 24, 24, 32], [32, 48, 48, 48, 64], [64, 96, 96, 96, 128]], "module__kernel_sizes": [[7, 5, 5, 5, 3], [9, 7, 7, 7, 5], [13, 9, 9, 9, 7]], "module__strides": [[2, 2, 1, 1, 1], [2, 1, 1, 1, 1]], "module__fully_connected_features": [64, 128, 256], "module__adaptive_average_len": [8, 16], "module__residual": [true, false], "criterion__weight": [[1.0, 1.0], [1.7981154918670654, 0.6925868391990662]], "lr": [0.0008, 0.0002], "iterator_train__batch_size": [256]}